Date,NAV
01/02/2018,$246.99
01/03/2018,$248.57
01/04/2018,$249.62
01/05/2018,$251.37
01/08/2018,$251.80
01/09/2018,$252.20
01/10/2018,$251.92
01/11/2018,$253.71
01/12/2018,$255.43
01/16/2018,$254.53
01/17/2018,$256.92
01/18/2018,$256.53
01/19/2018,$257.66
01/22/2018,$259.74
01/23/2018,$260.32
01/24/2018,$260.17
01/25/2018,$260.33
01/26/2018,$263.42
01/29/2018,$261.66
01/30/2018,$258.83
01/31/2018,$258.96
02/01/2018,$258.84
02/02/2018,$253.36
02/05/2018,$242.97
02/06/2018,$247.25
02/07/2018,$246.01
2/8/2018,$236.82
2/9/2018,$240.43
2/12/2018,$243.79
2/13/2018,$244.44
2/14/2018,$247.78
2/15/2018,$250.83
2/16/2018,$250.95
2/20/2018,$249.50
2/21/2018,$248.13
2/22/2018,$248.40
2/23/2018,$252.39
2/26/2018,$255.39
2/27/2018,$252.18
2/28/2018,$249.41
3/1/2018,$246.12
03/02/2018,$247.39
03/05/2018,$250.12
03/06/2018,$250.79
03/07/2018,$250.69
03/08/2018,$251.88
03/09/2018,$256.26
03/12/2018,$255.93
3/13/2018,$254.32
3/14/2018,$252.93
3/15/2018,$252.75
3/16/2018,$253.19
3/19/2018,$249.60
3/20/2018,$249.97
3/21/2018,$249.54
3/22/2018,$243.26
3/23/2018,$238.17
3/26/2018,$243.52
3/27/2018,$239.31
3/28/2018,$238.66
3/29/2018,$241.95
4/2/2018,$236.55
04/03/2018,$239.54
04/04/2018,$242.33
04/05/2018,$244.03
04/06/2018,$238.68
04/09/2018,$239.55
04/10/2018,$243.56
04/11/2018,$242.23
04/12/2018,$244.26
04/13/2018,$243.56
04/16/2018,$245.54
04/17/2018,$248.16
04/18/2018,$248.36
04/19/2018,$246.97
04/20/2018,$244.87
04/23/2018,$244.89
04/24/2018,$241.62
04/25/2018,$242.06
04/26/2018,$244.59
04/27/2018,$244.87
04/30/2018,$242.87
05/01/2018,$243.49
05/02/2018,$241.74
05/03/2018,$241.22
05/04/2018,$244.35
05/07/2018,$245.20
05/08/2018,$245.14
05/09/2018,$247.54
05/10/2018,$249.92
05/11/2018,$250.43
05/14/2018,$250.66
05/15/2018,$248.96
05/16/2018,$250.04
05/17/2018,$249.89
05/18/2018,$249.26
05/21/2018,$251.11
05/22/2018,$250.32
05/23/2018,$251.14
05/24/2018,$250.64
05/25/2018,$250.08
05/29/2018,$247.20
05/30/2018,$250.38
05/31/2018,$248.71
06/01/2018,$251.43
06/04/2018,$252.57
06/05/2018,$252.76
06/06/2018,$254.93
06/07/2018,$254.80
06/08/2018,$255.60
06/11/2018,$255.87
06/12/2018,$256.33
06/13/2018,$255.31
06/14/2018,$256.02
06/15/2018,$255.78
06/18/2018,$255.24
06/19/2018,$254.23
06/20/2018,$254.66
06/21/2018,$253.07
06/22/2018,$253.55
06/25/2018,$250.07
06/26/2018,$250.62
06/27/2018,$248.46
06/28/2018,$248.87
06/29/2018,$249.07
07/02/2018,$249.84
07/03/2018,$248.61
07/05/2018,$250.81
07/06/2018,$252.95
07/09/2018,$255.26
07/10/2018,$256.15
07/11/2018,$254.33
07/12/2018,$256.58
07/13/2018,$256.86
07/16/2018,$256.61
07/17/2018,$257.63
07/18/2018,$258.19
07/19/2018,$257.19
07/20/2018,$256.96
07/23/2018,$257.43
07/24/2018,$258.68
07/25/2018,$261.03
07/26/2018,$260.24
07/27/2018,$258.53
07/30/2018,$257.07
07/31/2018,$258.33
08/01/2018,$258.06
08/02/2018,$259.36
08/03/2018,$260.60
08/06/2018,$261.54
08/07/2018,$262.28
08/08/2018,$262.22
08/09/2018,$261.91
08/10/2018,$260.13
08/13/2018,$259.09
08/14/2018,$260.77
08/15/2018,$258.83
08/16/2018,$260.96
08/17/2018,$261.85
08/20/2018,$262.49
08/21/2018,$263.04
08/22/2018,$262.94
08/23/2018,$262.52
08/24/2018,$264.15
08/27/2018,$266.20
08/28/2018,$266.27
08/29/2018,$267.82
08/30/2018,$266.68
08/31/2018,$266.74
09/04/2018,$266.32
09/05/2018,$265.57
09/06/2018,$264.68
09/07/2018,$264.12
09/10/2018,$264.62
09/11/2018,$265.62
09/12/2018,$265.72
09/13/2018,$267.19
09/14/2018,$267.31
09/17/2018,$265.82
09/18/2018,$267.26
09/19/2018,$267.59
09/20/2018,$269.71
09/21/2018,$269.61
09/24/2018,$268.66
09/25/2018,$268.33
09/26/2018,$266.24
09/27/2018,$267.03
09/28/2018,$267.04
10/01/2018,$268.01
10/02/2018,$267.91
10/03/2018,$268.10
10/04/2018,$265.97
10/05/2018,$264.51
10/08/2018,$264.40
10/09/2018,$264.11
10/10/2018,$255.42
10/11/2018,$250.18
10/12/2018,$253.75
10/15/2018,$252.26
10/16/2018,$257.69
10/17/2018,$257.64
10/18/2018,$253.95
10/19/2018,$253.87
10/22/2018,$252.78
10/23/2018,$251.40
10/24/2018,$243.64
10/25/2018,$248.17
10/26/2018,$243.88
10/29/2018,$242.28
10/30/2018,$246.10
10/31/2018,$248.78
11/1/2018,$251.41
11/2/2018,$249.85
11/05/2018,$251.25
11/06/2018,$252.85
11/07/2018,$258.21
11/08/2018,$257.70
11/09/2018,$255.37
11/12/2018,$250.34
11/13/2018,$249.98
11/14/2018,$248.15
11/15/2018,$250.86
11/16/2018,$251.44
11/19/2018,$247.26
11/20/2018,$242.79
11/21/2018,$243.55
11/23/2018,$241.96
11/26/2018,$245.75
11/27/2018,$246.56
11/28/2018,$252.24
11/29/2018,$251.75
11/30/2018,$253.85
12/3/2018,$256.63
12/4/2018,$248.34
12/06/2018,$248.03
12/07/2018,$242.29
12/10/2018,$242.72
12/11/2018,$242.65
12/12/2018,$243.96
12/13/2018,$243.96
12/14/2018,$239.33
12/17/2018,$233.11
12/18/2018,$233.14
12/19/2018,$229.58
12/20/2018,$225.97
12/21/2018,$221.31
12/24/2018,$215.32
12/26/2018,$226.01
12/27/2018,$227.96
12/28/2018,$227.72
12/31/2018,$229.68
1/2/2019,$229.97
1/3/2019,$224.34
1/4/2019,$232.04
1/7/2019,$233.67
01/08/2019,$235.94
01/09/2019,$236.98
01/10/2019,$238.05
01/11/2019,$238.02
01/14/2019,$236.79
01/15/2019,$239.33
01/16/2019,$239.87
01/17/2019,$241.72
01/18/2019,$244.91
01/22/2019,$241.45
01/23/2019,$241.98
01/24/2019,$242.32
01/25/2019,$244.39
01/28/2019,$242.47
01/29/2019,$242.12
01/30/2019,$245.91
01/31/2019,$248.08
02/01/2019,$248.34
02/04/2019,$250.02
02/05/2019,$251.20
02/06/2019,$250.67
02/07/2019,$248.36
02/08/2019,$248.61
02/11/2019,$248.79
02/12/2019,$252.01
02/13/2019,$252.79
02/14/2019,$252.21
02/15/2019,$254.98
02/19/2019,$255.38
02/20/2019,$255.88
02/21/2019,$254.99
02/22/2019,$256.64
02/25/2019,$256.99
02/26/2019,$256.79
02/27/2019,$256.69
02/28/2019,$256.04
03/01/2019,$257.82
03/04/2019,$256.83
03/05/2019,$256.54
03/06/2019,$254.88
03/07/2019,$252.86
03/08/2019,$252.35
03/11/2019,$256.05
03/12/2019,$256.82
03/13/2019,$258.63
03/14/2019,$258.49
03/15/2019,$259.79
03/18/2019,$260.76
03/19/2019,$260.73
03/20/2019,$259.99
03/21/2019,$261.35
03/22/2019,$256.41
03/25/2019,$256.22
03/26/2019,$258.05
03/27/2019,$256.86
03/28/2019,$257.82
03/29/2019,$259.57
04/01/2019,$262.57
04/02/2019,$262.59
04/03/2019,$263.15
04/04/2019,$263.76
04/05/2019,$264.99
04/08/2019,$265.27
04/09/2019,$263.74
04/10/2019,$264.68
04/11/2019,$264.69
04/12/2019,$266.47
04/15/2019,$266.31
04/16/2019,$266.44
04/17/2019,$265.86
04/18/2019,$266.29
04/22/2019,$266.57
04/23/2019,$268.94
04/24/2019,$268.35
04/25/2019,$268.25
04/26/2019,$269.51
04/29/2019,$269.81
04/30/2019,$270.08
05/01/2019,$268.06
05/02/2019,$267.50
05/03/2019,$270.10
05/06/2019,$268.92
05/07/2019,$264.49
05/08/2019,$264.07
05/09/2019,$263.36
05/10/2019,$264.43
05/13/2019,$258.06
05/14/2019,$260.16
05/15/2019,$261.73
05/16/2019,$264.13
05/17/2019,$262.62
05/20/2019,$260.85
05/21/2019,$263.07
05/22/2019,$262.33
05/23/2019,$259.23
05/24/2019,$259.62
05/28/2019,$257.45
05/29/2019,$255.67
05/30/2019,$256.24
05/31/2019,$252.91
06/03/2019,$252.22
06/04/2019,$257.63
06/05/2019,$259.77
06/06/2019,$261.43
06/07/2019,$264.20
06/10/2019,$265.43
06/11/2019,$265.35
06/12/2019,$264.82
06/13/2019,$265.98
06/14/2019,$265.59
06/17/2019,$265.84
06/18/2019,$268.43
06/19/2019,$269.23
06/20/2019,$271.81
06/21/2019,$271.48
06/24/2019,$271.01
06/25/2019,$268.43
06/26/2019,$268.10
06/27/2019,$267.78
06/28/2019,$269.33
07/01/2019,$271.40
07/02/2019,$272.20
07/03/2019,$274.36
07/05/2019,$273.89
07/08/2019,$272.57
07/09/2019,$272.99
07/10/2019,$274.22
07/11/2019,$274.85
07/12/2019,$276.15
07/15/2019,$276.19
07/16/2019,$275.26
07/17/2019,$273.47
07/18/2019,$274.47
07/19/2019,$272.79
07/22/2019,$273.56
07/23/2019,$275.44
07/24/2019,$276.74
07/25/2019,$275.29
07/26/2019,$277.33
07/29/2019,$276.88
07/30/2019,$276.19
07/31/2019,$273.19
08/01/2019,$270.76
08/02/2019,$268.81
08/05/2019,$260.81
08/06/2019,$264.24
08/07/2019,$264.45
08/08/2019,$269.48
08/09/2019,$267.75
08/12/2019,$264.59
08/13/2019,$268.51
08/14/2019,$260.72
08/15/2019,$261.41
08/16/2019,$265.23
08/19/2019,$268.45
08/20/2019,$266.35
08/21/2019,$268.56
08/22/2019,$268.43
08/23/2019,$261.46
08/26/2019,$264.37
08/27/2019,$263.52
08/28/2019,$265.25
08/29/2019,$268.66
08/30/2019,$268.87
09/03/2019,$267.03
09/04/2019,$269.95
09/05/2019,$273.53
09/06/2019,$273.79
09/09/2019,$273.78
09/10/2019,$273.88
09/11/2019,$275.87
09/12/2019,$276.71
09/13/2019,$276.59
09/16/2019,$275.73
09/17/2019,$276.44
09/18/2019,$276.54
09/19/2019,$276.56
09/20/2019,$275.22
09/23/2019,$275.19
09/24/2019,$272.90
09/25/2019,$274.58
09/26/2019,$272.63
09/27/2019,$271.22
09/30/2019,$272.60
10/01/2019,$269.27
10/02/2019,$264.45
10/03/2019,$266.62
10/04/2019,$270.41
10/07/2019,$269.20
10/08/2019,$265.02
10/09/2019,$267.52
10/10/2019,$269.24
10/11/2019,$272.21
10/14/2019,$271.83
10/15/2019,$274.54
10/16/2019,$274.01
10/17/2019,$274.79
10/18/2019,$273.72
10/21/2019,$275.60
10/22/2019,$274.63
10/23/2019,$275.42
10/24/2019,$275.95
10/25/2019,$277.08
10/28/2019,$278.62
10/29/2019,$278.53
10/30/2019,$279.32
10/31/2019,$278.50
11/01/2019,$281.21
11/04/2019,$282.26
11/05/2019,$281.92
11/06/2019,$282.14
11/07/2019,$283.04
11/08/2019,$283.82
11/11/2019,$283.26
11/12/2019,$283.72
11/13/2019,$283.93
11/14/2019,$284.24
11/15/2019,$286.48
11/18/2019,$286.63
11/19/2019,$286.47
11/20/2019,$285.45
11/21/2019,$285.02
11/22/2019,$285.65
11/25/2019,$287.82
11/26/2019,$288.46
11/27/2019,$289.70
11/29/2019,$288.60
12/02/2019,$286.12
12/03/2019,$284.23
12/04/2019,$286.06
12/05/2019,$286.57
12/06/2019,$289.20
12/09/2019,$288.31
12/10/2019,$288.00
12/11/2019,$288.84
12/12/2019,$291.36
12/13/2019,$291.43
12/16/2019,$293.52
12/17/2019,$293.62
12/18/2019,$293.52
12/19/2019,$294.85
12/20/2019,$296.32
12/23/2019,$295.15
12/24/2019,$295.11
12/26/2019,$296.65
12/27/2019,$296.66
12/30/2019,$294.99
12/31/2019,$295.87
01/02/2020,$298.39
01/03/2020,$296.31
01/06/2020,$297.36
01/07/2020,$296.56
01/08/2020,$298.02
01/09/2020,$300.08
01/10/2020,$299.23
01/13/2020,$301.31
01/14/2020,$300.89
01/15/2020,$301.46
01/16/2020,$303.99
01/17/2020,$305.17
01/21/2020,$304.36
01/22/2020,$304.46
01/23/2020,$304.83
01/24/2020,$302.08
01/27/2020,$297.33
01/28/2020,$300.33
01/29/2020,$300.07
01/30/2020,$301.06
01/31/2020,$295.75
02/03/2020,$297.90
02/04/2020,$302.37
02/05/2020,$305.77
02/06/2020,$306.84
02/07/2020,$305.24
02/10/2020,$307.53
02/11/2020,$308.06
02/12/2020,$310.06
02/13/2020,$309.65
02/14/2020,$310.27
02/18/2020,$309.38
02/19/2020,$310.89
02/20/2020,$309.72
02/21/2020,$306.47
02/24/2020,$296.23
02/25/2020,$287.27
02/26/2020,$286.18
02/27/2020,$273.59
02/28/2020,$271.40
03/02/2020,$283.88
03/03/2020,$275.92
03/04/2020,$287.57
03/05/2020,$277.88
03/06/2020,$273.16
03/09/2020,$252.44
03/10/2020,$263.67
03/11/2020,$250.81
03/12/2020,$227.00
03/13/2020,$248.16
03/16/2020,$218.44
03/17/2020,$231.50
03/18/2020,$219.52
03/19/2020,$220.56
03/20/2020,$211.03
03/23/2020,$204.85
03/24/2020,$224.10
03/25/2020,$226.69
03/26/2020,$240.84
03/27/2020,$232.73
03/30/2020,$240.57
03/31/2020,$236.74
04/01/2020,$226.29
04/02/2020,$231.50
04/03/2020,$228.03
04/06/2020,$244.06
04/07/2020,$243.67
04/08/2020,$252.03
04/09/2020,$255.72
04/13/2020,$253.14
04/14/2020,$260.91
04/15/2020,$255.18
04/16/2020,$256.66
04/17/2020,$263.55
04/20/2020,$258.84
04/21/2020,$250.91
04/22/2020,$256.67
04/23/2020,$256.55
04/24/2020,$260.13
04/27/2020,$263.96
04/28/2020,$262.58
04/29/2020,$269.57
04/30/2020,$267.09
05/01/2020,$259.63
05/04/2020,$260.73
05/05/2020,$263.09
05/06/2020,$261.27
05/07/2020,$264.37
05/08/2020,$268.88
05/11/2020,$268.93
05/12/2020,$263.44
05/13/2020,$258.87
05/14/2020,$261.91
05/15/2020,$262.96
05/18/2020,$271.28
05/19/2020,$268.46
05/20/2020,$272.98
05/21/2020,$270.87
05/22/2020,$271.56
05/26/2020,$274.90
05/27/2020,$278.98
05/28/2020,$278.44
05/29/2020,$279.82
06/01/2020,$280.88
06/02/2020,$283.19
06/03/2020,$287.09
06/04/2020,$286.18
06/05/2020,$293.69
06/08/2020,$297.23
06/09/2020,$294.93
06/10/2020,$293.37
06/11/2020,$276.11
06/12/2020,$279.79
06/15/2020,$282.14
06/16/2020,$287.49
06/17/2020,$286.46
06/18/2020,$286.63
06/19/2020,$285.06
06/22/2020,$286.92
06/23/2020,$288.15
06/24/2020,$280.71
06/25/2020,$283.80
06/26/2020,$276.93
06/29/2020,$279.58
06/30/2020,$283.91
07/01/2020,$285.34
07/02/2020,$286.70
07/06/2020,$291.25
07/07/2020,$288.10
07/08/2020,$290.36
07/09/2020,$288.80
07/10/2020,$291.83
07/13/2020,$289.10
07/14/2020,$293.01
07/15/2020,$295.68
07/16/2020,$294.68
07/17/2020,$295.53
07/20/2020,$298.02
07/21/2020,$298.52
07/22/2020,$300.24
07/23/2020,$296.57
07/24/2020,$294.74
07/27/2020,$296.92
07/28/2020,$295.00
07/29/2020,$298.67
07/30/2020,$297.61
07/31/2020,$299.91
08/03/2020,$302.08
08/04/2020,$303.17
08/05/2020,$305.11
08/06/2020,$307.11
08/07/2020,$307.37
08/10/2020,$308.21
08/11/2020,$305.76
08/12/2020,$310.08
08/13/2020,$309.53
08/14/2020,$309.49
08/17/2020,$310.34
08/18/2020,$311.11
08/19/2020,$309.79
08/20/2020,$310.77
08/21/2020,$311.86
08/24/2020,$315.03
08/25/2020,$316.17
08/26/2020,$319.39
08/27/2020,$319.95
08/28/2020,$322.13
08/31/2020,$321.46
09/01/2020,$323.89
09/02/2020,$328.90
09/03/2020,$317.41
09/04/2020,$314.82
09/08/2020,$306.10
09/09/2020,$312.28
09/10/2020,$306.81
09/11/2020,$306.98
09/14/2020,$310.99
09/15/2020,$312.62
09/16/2020,$311.19
09/17/2020,$308.57
09/18/2020,$305.13
09/21/2020,$301.61
09/22/2020,$304.78
09/23/2020,$297.58
09/24/2020,$298.48
09/25/2020,$303.26
09/28/2020,$308.14
09/29/2020,$305.40
09/30/2020,$307.93
10/01/2020,$309.59
10/02/2020,$306.63
10/05/2020,$312.17
10/06/2020,$307.82
10/07/2020,$313.18
10/08/2020,$315.78
10/09/2020,$318.57
10/12/2020,$323.80
10/13/2020,$321.75
10/14/2020,$319.65
10/15/2020,$319.17
10/16/2020,$319.22
10/19/2020,$314.01
10/20/2020,$315.50
10/21/2020,$314.81
10/22/2020,$316.48
10/23/2020,$317.58
10/26/2020,$311.68
10/27/2020,$310.74
10/28/2020,$299.77
10/29/2020,$303.38
10/30/2020,$299.73
11/02/2020,$303.43
11/03/2020,$308.83
11/04/2020,$315.64
11/05/2020,$321.84
11/06/2020,$321.71
11/09/2020,$325.58
11/10/2020,$325.18
11/11/2020,$327.67
11/12/2020,$324.47
11/13/2020,$328.91
11/16/2020,$332.75
11/17/2020,$331.20
11/18/2020,$327.43
11/19/2020,$328.75
11/20/2020,$326.52
11/23/2020,$328.39
11/24/2020,$333.70
11/25/2020,$333.19
11/27/2020,$334.02
11/30/2020,$332.54
12/01/2020,$336.29
12/02/2020,$336.93
12/03/2020,$336.78
12/04/2020,$339.78
12/07/2020,$339.12
12/08/2020,$340.07
12/09/2020,$337.38
12/10/2020,$336.98
12/11/2020,$336.55
12/14/2020,$335.15
12/15/2020,$339.48
12/16/2020,$340.09
12/17/2020,$342.06
12/18/2020,$340.89
12/21/2020,$339.58
12/22/2020,$337.53
12/23/2020,$337.78
12/24/2020,$339.01
12/28/2020,$341.97
12/29/2020,$341.21
12/30/2020,$341.70
12/31/2020,$343.93
01/04/2021,$338.87
01/05/2021,$341.31
01/06/2021,$343.27
01/07/2021,$348.44
01/08/2021,$350.40
01/11/2021,$348.10
01/12/2021,$348.24
01/13/2021,$349.04
01/14/2021,$347.77
01/15/2021,$345.28
01/19/2021,$348.10
01/20/2021,$352.95
01/21/2021,$353.09
01/22/2021,$352.03
01/25/2021,$353.30
01/26/2021,$352.78
01/27/2021,$343.72
01/28/2021,$347.11
01/29/2021,$340.45
02/01/2021,$346.00
02/02/2021,$350.82
02/03/2021,$351.11
02/04/2021,$354.96
02/05/2021,$356.38
02/08/2021,$359.02
02/09/2021,$358.68
02/10/2021,$358.57
02/11/2021,$359.24
02/12/2021,$360.94
02/16/2021,$360.78
02/17/2021,$360.73
02/18/2021,$359.15
02/19/2021,$358.50
02/22/2021,$355.76
02/23/2021,$356.21
02/24/2021,$360.26
02/25/2021,$351.49
02/26/2021,$349.86
03/01/2021,$358.19
03/02/2021,$355.30
03/03/2021,$350.68
03/04/2021,$346.03
03/05/2021,$352.79
03/08/2021,$350.90
03/09/2021,$355.90
03/10/2021,$358.07
03/11/2021,$361.82
03/12/2021,$362.27
03/15/2021,$364.64
03/16/2021,$364.08
03/17/2021,$365.13
03/18/2021,$359.76
03/19/2021,$359.58
03/22/2021,$362.11
03/23/2021,$359.34
03/24/2021,$357.40
03/25/2021,$359.28
03/26/2021,$363.98
03/29/2021,$363.66
03/30/2021,$362.55
03/31/2021,$363.89
04/01/2021,$368.20
04/05/2021,$373.56
04/06/2021,$373.21
04/07/2021,$373.77
04/08/2021,$375.44
04/09/2021,$378.34
04/12/2021,$378.27
04/13/2021,$379.51
04/14/2021,$378.01
04/15/2021,$382.21
04/16/2021,$383.59
04/19/2021,$381.55
04/20/2021,$378.97
04/21/2021,$382.50
04/22/2021,$379.00
04/23/2021,$383.16
04/26/2021,$383.84
04/27/2021,$383.76
04/28/2021,$383.44
04/29/2021,$386.05
04/30/2021,$383.31
05/03/2021,$384.36
05/04/2021,$381.79
05/05/2021,$382.06
05/06/2021,$385.24
05/07/2021,$388.15
05/10/2021,$384.10
05/11/2021,$380.78
05/12/2021,$372.66
05/13/2021,$377.26
05/14/2021,$382.92
05/17/2021,$381.95
05/18/2021,$378.74
05/19/2021,$377.68
05/20/2021,$381.70
05/21/2021,$381.42
05/24/2021,$385.23
05/25/2021,$384.42
05/26/2021,$385.15
05/27/2021,$385.63
05/28/2021,$385.97
06/01/2021,$385.79
06/02/2021,$386.39
06/03/2021,$385.05
06/04/2021,$388.46
06/07/2021,$388.16
06/08/2021,$388.23
06/09/2021,$387.54
06/10/2021,$389.36
06/11/2021,$390.13
06/14/2021,$390.93
06/15/2021,$390.16
06/16/2021,$388.06
06/17/2021,$387.90
06/18/2021,$382.83
06/21/2021,$388.20
06/22/2021,$390.19
06/23/2021,$389.77
06/24/2021,$392.07
06/25/2021,$393.38
06/28/2021,$394.29
06/29/2021,$393.10
06/30/2021,$393.64
07/01/2021,$395.72
07/02/2021,$398.74
07/06/2021,$397.95
07/07/2021,$399.28
07/08/2021,$395.94
07/09/2021,$400.41
07/12/2021,$401.79
07/13/2021,$400.38
07/14/2021,$400.90
07/15/2021,$399.60
07/16/2021,$396.58
07/19/2021,$390.30
07/20/2021,$396.22
07/21/2021,$399.49
07/22/2021,$400.32
07/23/2021,$404.40
07/26/2021,$405.37
07/27/2021,$403.46
07/28/2021,$403.38
07/29/2021,$405.13
07/30/2021,$402.97
08/02/2021,$402.23
08/03/2021,$405.53
08/04/2021,$403.65
08/05/2021,$406.10
08/06/2021,$406.83
08/09/2021,$406.48
08/10/2021,$406.88
08/11/2021,$407.90
08/12/2021,$409.21
08/13/2021,$409.89
08/16/2021,$410.97
08/17/2021,$408.10
08/18/2021,$403.79
08/19/2021,$404.32
08/20/2021,$407.63
08/23/2021,$411.14
08/24/2021,$411.76
08/25/2021,$412.68
08/26/2021,$410.29
08/27/2021,$413.92
08/30/2021,$415.72
08/31/2021,$415.21
09/01/2021,$415.37
09/02/2021,$416.61
09/03/2021,$416.48
09/07/2021,$415.08
09/08/2021,$414.55
09/09/2021,$412.67
09/10/2021,$409.51
09/13/2021,$410.44
09/14/2021,$408.18
09/15/2021,$411.65
09/16/2021,$411.03
09/17/2021,$407.28
09/20/2021,$400.37
09/21/2021,$400.06
09/22/2021,$403.87
09/23/2021,$408.79
09/24/2021,$409.39
09/27/2021,$408.26
09/28/2021,$399.97
09/29/2021,$399.32
09/30/2021,$394.59
10/01/2021,$399.13
10/04/2021,$393.97
10/05/2021,$398.16
10/06/2021,$399.80
10/07/2021,$403.21
10/08/2021,$402.44
10/11/2021,$399.68
10/12/2021,$398.71
10/13/2021,$399.92
10/14/2021,$406.79
10/15/2021,$409.83
10/18/2021,$411.21
10/19/2021,$414.25
10/20/2021,$415.78
10/21/2021,$417.05
10/22/2021,$416.61
10/25/2021,$418.59
10/26/2021,$419.35
10/27/2021,$417.24
10/28/2021,$421.36
10/29/2021,$422.23
11/01/2021,$422.99
11/02/2021,$424.55
11/03/2021,$427.29
11/04/2021,$429.14
11/05/2021,$430.78
11/08/2021,$431.17
11/09/2021,$429.69
11/10/2021,$426.25
11/11/2021,$426.48
11/12/2021,$429.60
11/15/2021,$429.62
11/16/2021,$431.30
11/17/2021,$430.26
11/18/2021,$431.76
11/19/2021,$431.16
11/22/2021,$429.82
11/23/2021,$430.54
11/24/2021,$431.55
11/26/2021,$421.75
11/29/2021,$427.34
11/30/2021,$419.29
12/01/2021,$414.37
12/02/2021,$420.32
12/03/2021,$416.79
12/06/2021,$421.68
12/07/2021,$430.42
12/08/2021,$431.76
12/09/2021,$428.71
12/10/2021,$432.81
12/13/2021,$428.87
12/14/2021,$425.73
12/15/2021,$432.69
12/16/2021,$428.93
12/17/2021,$424.54
12/20/2021,$419.71
12/21/2021,$425.64
12/22/2021,$430.02
12/23/2021,$432.70
12/27/2021,$438.70
12/28/2021,$438.26
12/29/2021,$438.87
12/30/2021,$437.60
12/31/2021,$436.47
1/3/2022,$439.25
1/4/2022,$439.01
1/5/2022,$430.53
1/6/2022,$430.14
1/7/2022,$428.48
1/10/2022,$427.86
1/11/2022,$431.78
1/12/2022,$433.00
1/13/2022,$426.88
1/14/2022,$427.24
1/18/2022,$419.39
1/19/2022,$415.33
1/20/2022,$410.78
1/21/2022,$403.01
1/24/2022,$404.13
1/25/2022,$399.21
1/26/2022,$398.61
1/27/2022,$396.49
1/28/2022,$406.19
1/31/2022,$413.87
2/1/2022,$416.72
2/2/2022,$420.65
2/3/2022,$410.40
2/4/2022,$412.59
2/7/2022,$411.07
2/8/2022,$414.52
2/9/2022,$420.59
2/10/2022,$413.03
2/11/2022,$405.21
2/14/2022,$403.69
2/15/2022,$410.10
2/16/2022,$410.51
2/17/2022,$401.87
2/18/2022,$399.05
2/22/2022,$395.01
2/23/2022,$387.74
2/24/2022,$393.57
2/25/2022,$402.42
2/28/2022,$401.48
3/1/2022,$395.28
3/2/2022,$402.66
3/3/2022,$400.59
3/4/2022,$397.44
3/7/2022,$385.71
3/8/2022,$382.93
3/9/2022,$392.82
3/10/2022,$391.17
3/11/2022,$386.12
3/14/2022,$383.34
3/15/2022,$391.55
3/16/2022,$400.33
3/17/2022,$405.29
3/18/2022,$410.02
3/21/2022,$409.86
3/22/2022,$414.50
3/23/2022,$409.43
3/24/2022,$413.95
3/25/2022,$416.05
3/28/2022,$419.02
3/29/2022,$424.16
3/30/2022,$421.53
3/31/2022,$414.96
4/1/2022,$416.37
4/4/2022,$419.75
4/5/2022,$414.54
4/6/2022,$410.52
4/7/2022,$412.32
4/8/2022,$411.23
4/11/2022,$404.29
4/12/2022,$402.92
4/13/2022,$407.50
4/14/2022,$402.55
4/18/2022,$402.46
4/19/2022,$408.93
4/20/2022,$408.69
4/21/2022,$402.69
4/22/2022,$391.52
4/25/2022,$393.76
4/26/2022,$382.68
4/27/2022,$383.49
4/28/2022,$393.00
4/29/2022,$378.77
5/2/2022,$380.92
5/3/2022,$382.76
5/4/2022,$394.19
5/5/2022,$380.18
5/6/2022,$378.08
5/9/2022,$365.99
5/10/2022,$366.90
5/11/2022,$360.87
5/12/2022,$360.53
5/13/2022,$369.18
5/16/2022,$367.74
5/17/2022,$375.17
5/18/2022,$360.11
5/19/2022,$358.04
5/20/2022,$358.10
5/23/2022,$364.79
5/24/2022,$361.83
5/25/2022,$365.25
5/26/2022,$372.53
5/27/2022,$381.81
5/31/2022,$379.45
6/1/2022,$376.65
6/2/2022,$383.66
6/3/2022,$377.41
6/6/2022,$378.60
6/7/2022,$382.21
6/8/2022,$378.10
6/9/2022,$369.14
6/10/2022,$358.40
6/13/2022,$344.51
6/14/2022,$343.33
6/15/2022,$348.35
6/16/2022,$337.06
6/17/2022,$337.81
6/21/2022,$346.10
6/22/2022,$345.65
6/23/2022,$348.96
6/24/2022,$359.63
6/27/2022,$358.57
6/28/2022,$351.35
6/29/2022,$349.71
6/30/2022,$346.70
7/1/2022,$350.36
7/5/2022,$350.98
7/6/2022,$352.24
7/7/2022,$357.55
7/8/2022,$357.28
7/11/2022,$353.17
7/12/2022,$349.91
7/13/2022,$348.36
7/14/2022,$347.36
7/15/2022,$354.03
7/18/2022,$351.07
7/19/2022,$360.78
7/20/2022,$362.91
7/21/2022,$366.52
7/22/2022,$363.11
7/25/2022,$363.58
7/26/2022,$359.39
7/27/2022,$368.79
7/28/2022,$373.31
7/29/2022,$378.66
8/1/2022,$377.59
8/2/2022,$375.08
8/3/2022,$380.95
8/4/2022,$380.68
8/5/2022,$380.11
8/8/2022,$379.65
8/9/2022,$378.06
8/10/2022,$386.13
8/11/2022,$385.96
8/12/2022,$392.69
8/15/2022,$394.26
8/16/2022,$395.02
8/17/2022,$392.23
8/18/2022,$393.18
8/19/2022,$388.12
8/22/2022,$379.86
8/23/2022,$379.01
8/24/2022,$380.12
8/25/2022,$385.49
8/26/2022,$372.51
8/29/2022,$370.04
8/30/2022,$365.99
8/31/2022,$363.21
9/1/2022,$364.36
9/2/2022,$360.47
9/6/2022,$359.02
9/7/2022,$365.61
9/8/2022,$368.07
9/9/2022,$373.72
9/12/2022,$377.68
9/13/2022,$361.36
9/14/2022,$362.68
9/15/2022,$358.61
9/16/2022,$356.04
9/19/2022,$358.49
9/20/2022,$354.45
9/21/2022,$348.40
9/22/2022,$345.48
9/23/2022,$339.54
9/26/2022,$336.02
9/27/2022,$335.33
9/28/2022,$340.45
9/29/2022,$333.31
9/30/2022,$328.30
10/3/2022,$336.80
10/4/2022,$347.13
10/5/2022,$346.46
10/6/2022,$343.00
10/7/2022,$333.40
10/10/2022,$330.91
10/11/2022,$328.75
10/12/2022,$327.68
10/13/2022,$336.23
10/14/2022,$328.29
10/17/2022,$336.98
10/18/2022,$340.84
10/19/2022,$338.56
10/20/2022,$335.91
10/21/2022,$343.89
10/24/2022,$347.97
10/25/2022,$353.63
10/26/2022,$351.03
10/27/2022,$348.90
10/28/2022,$357.52
10/31/2022,$354.87
11/1/2022,$353.42
11/2/2022,$344.58
11/3/2022,$340.98
11/4/2022,$345.69
11/7/2022,$349.02
11/8/2022,$350.98
11/9/2022,$343.76
11/10/2022,$362.84
11/11/2022,$366.19
11/14/2022,$363.00
11/15/2022,$366.19
11/16/2022,$363.26
11/17/2022,$362.21
11/18/2022,$363.94
11/21/2022,$362.57
11/22/2022,$367.50
11/23/2022,$369.69
11/25/2022,$369.60
11/28/2022,$363.89
11/29/2022,$363.34
11/30/2022,$374.69
12/1/2022,$374.43
12/2/2022,$374.01
12/5/2022,$367.32
12/6/2022,$362.04
12/7/2022,$361.38
12/8/2022,$364.15
12/9/2022,$361.48
12/12/2022,$366.65
12/13/2022,$369.34
12/14/2022,$367.17
12/15/2022,$358.04
12/16/2022,$354.08
12/19/2022,$350.91
12/20/2022,$349.62
12/21/2022,$354.86
12/22/2022,$349.74
12/23/2022,$351.80
12/27/2022,$350.40
12/28/2022,$346.19
12/29/2022,$352.28
12/30/2022,$351.41
1/3/2023,$350.01
1/4/2023,$352.67
1/5/2023,$348.62
1/6/2023,$356.59
1/9/2023,$356.38
1/10/2023,$358.86
1/11/2023,$363.48
1/12/2023,$364.77
1/13/2023,$366.24
1/17/2023,$365.49
1/18/2023,$359.81
1/19/2023,$357.10
1/20/2023,$363.87
1/23/2023,$368.19
1/24/2023,$367.93
1/25/2023,$367.87
1/26/2023,$371.95
1/27/2023,$372.88
1/30/2023,$368.08
1/31/2023,$373.48
2/1/2023,$377.38
2/2/2023,$382.95
2/3/2023,$379.00
2/6/2023,$376.70
2/7/2023,$381.55
2/8/2023,$377.34
2/9/2023,$374.06
2/10/2023,$374.96
2/13/2023,$379.31
2/14/2023,$379.25
2/15/2023,$380.39
2/16/2023,$375.18
2/17/2023,$374.21
2/21/2023,$366.72
2/22/2023,$366.15